Title,Body,Author,Subreddit,URL,Created Time,Number of Comments,Vote Count,Number of comments Extracted,Comments
Everytime Bitcoin drops,,Pracy_,ethtrader,https://gfycat.com/defenselessmiserableiberianbarbel,1514116460.0,400,16619,2,"['Holy shit this is fantastic.  The tether whip had me dying! ', 'I thought Gandalf was going to say ""Buy, you fools""']"
good take?,,SauceMaster145,ethtrader,https://i.redd.it/z5bxdkx8r5481.jpg,1638901393.0,914,11262,2,"[""She's right. Members of Congress should not hold crypto or stocks because they can make trades before making any policies that would affect the market when the news breaks out"", 'I think itâ€™s a good take. They shouldnâ€™t be allowed to invest in stocks either.']"
"You hear about the kid who put in $500 into a memecoin and made 100k, but you don't hear about the hundreds who put $1000 and are left with $0.1","You hear about the kid who put in $500 into a memecoin and made 100k, but you don't hear about the hundreds who put $1000 and are left with $0.1

You also don't hear about the guys who put $10,000 but cant cash out because these memecoins have no liquidity.

Don't beat yourself up for missing out.

Survivorship bias is a dangerous thing.",jonbristow,CryptoCurrency,https://www.reddit.com/r/CryptoCurrency/comments/n7rl2y/you_hear_about_the_kid_who_put_in_500_into_a/,1620487715.0,4457,53907,2,"['You also donâ€™t hear about me turning my $20 into $21.04 ðŸ˜Ž', ""You also don't hear about the early Bitcoin investors who have already made millions probably because they have better things to do. Most of us are still here posting because we haven't reached our life changing goals yet.""]"
AOC reveals she doesn't hold bitcoin because she wants to be an unbiased lawmaker,,Kattarsecular,CryptoCurrency,https://markets.businessinsider.com/news/currencies/aoc-bitcoin-crypto-investment-unbiased-lawmaker-house-financial-services-committee-2021-12,1638885832.0,5480,38844,2,"[""* **[Bitcoin](https://en.wikipedia.org/wiki/Bitcoin) [Pros](https://reddit.com/r/CointestOfficial/wiki/cointest_archive#wiki_btc_pros) & [Cons](https://reddit.com/r/CointestOfficial/wiki/cointest_archive#wiki_btc_cons)** - Participate in the r\\/CC [Cointest](https://reddit.com/r/CointestOfficial/wiki/cointest_policy) to potentially win moons. Prize allocations: 1st - 300, 2nd - 150, 3rd - 75.\n\n* Sort comments as controversial first by [clicking here](https://www.reddit.com/r/CryptoCurrency/comments/razvtu/aoc_reveals_she_doesnt_hold_bitcoin_because_she/?sort=controversial). Doesn't work on mobile.\n\n---        \n\n*I am a bot, and this action was performed automatically. Please [contact the moderators of this subreddit](/message/compose/?to=/r/CryptoCurrency) if you have any questions or concerns.*"", ""tldr; Members of Congress shouldn't hold or trade digital assets in the same way that they should steer clear from stocks, Democratic Rep. Alexandria Ocasio-Cortez said on Instagram.\n\n*This summary is auto generated by a bot and not meant to replace reading the original article. As always, DYOR.*""]"
